<ImportExportXml version="9.2.25014.218" SolutionPackageVersion="9.2" languagecode="1033" generatedBy="CrmLive" xmlns:xsi="http://www.w3.org/2001/XMLSchema-instance" OrganizationVersion="9.2.25014.218" OrganizationSchemaType="Standard" CRMServerServiceabilityVersion="9.2.25014.00218">
  <SolutionManifest>
    <UniqueName>DocumentSubmissionPortal</UniqueName>
    <LocalizedNames>
      <LocalizedName description="Document Submission Portal" languagecode="1033" />
    </LocalizedNames>
    <Descriptions>
      <Description description="A platform to submit the documents for filing in to eTMF system." languagecode="1033" />
    </Descriptions>
    <Version>1.0.0.2</Version>
    <Managed>0</Managed>
    <Publisher>
      <UniqueName>PowerPlatform</UniqueName>
      <LocalizedNames>
        <LocalizedName description="Power Platform" languagecode="1033" />
      </LocalizedNames>
      <Descriptions>
        <Description description="A publisher for power platform solutions" languagecode="1033" />
      </Descriptions>
      <EMailAddress xsi:nil="true"></EMailAddress>
      <SupportingWebsiteUrl xsi:nil="true"></SupportingWebsiteUrl>
      <CustomizationPrefix>pp</CustomizationPrefix>
      <CustomizationOptionValuePrefix>12560</CustomizationOptionValuePrefix>
      <Addresses>
        <Address>
          <AddressNumber>1</AddressNumber>
          <AddressTypeCode>1</AddressTypeCode>
          <City xsi:nil="true"></City>
          <County xsi:nil="true"></County>
          <Country xsi:nil="true"></Country>
          <Fax xsi:nil="true"></Fax>
          <FreightTermsCode xsi:nil="true"></FreightTermsCode>
          <ImportSequenceNumber xsi:nil="true"></ImportSequenceNumber>
          <Latitude xsi:nil="true"></Latitude>
          <Line1 xsi:nil="true"></Line1>
          <Line2 xsi:nil="true"></Line2>
          <Line3 xsi:nil="true"></Line3>
          <Longitude xsi:nil="true"></Longitude>
          <Name xsi:nil="true"></Name>
          <PostalCode xsi:nil="true"></PostalCode>
          <PostOfficeBox xsi:nil="true"></PostOfficeBox>
          <PrimaryContactName xsi:nil="true"></PrimaryContactName>
          <ShippingMethodCode>1</ShippingMethodCode>
          <StateOrProvince xsi:nil="true"></StateOrProvince>
          <Telephone1 xsi:nil="true"></Telephone1>
          <Telephone2 xsi:nil="true"></Telephone2>
          <Telephone3 xsi:nil="true"></Telephone3>
          <TimeZoneRuleVersionNumber xsi:nil="true"></TimeZoneRuleVersionNumber>
          <UPSZone xsi:nil="true"></UPSZone>
          <UTCOffset xsi:nil="true"></UTCOffset>
          <UTCConversionTimeZoneCode xsi:nil="true"></UTCConversionTimeZoneCode>
        </Address>
        <Address>
          <AddressNumber>2</AddressNumber>
          <AddressTypeCode>1</AddressTypeCode>
          <City xsi:nil="true"></City>
          <County xsi:nil="true"></County>
          <Country xsi:nil="true"></Country>
          <Fax xsi:nil="true"></Fax>
          <FreightTermsCode xsi:nil="true"></FreightTermsCode>
          <ImportSequenceNumber xsi:nil="true"></ImportSequenceNumber>
          <Latitude xsi:nil="true"></Latitude>
          <Line1 xsi:nil="true"></Line1>
          <Line2 xsi:nil="true"></Line2>
          <Line3 xsi:nil="true"></Line3>
          <Longitude xsi:nil="true"></Longitude>
          <Name xsi:nil="true"></Name>
          <PostalCode xsi:nil="true"></PostalCode>
          <PostOfficeBox xsi:nil="true"></PostOfficeBox>
          <PrimaryContactName xsi:nil="true"></PrimaryContactName>
          <ShippingMethodCode>1</ShippingMethodCode>
          <StateOrProvince xsi:nil="true"></StateOrProvince>
          <Telephone1 xsi:nil="true"></Telephone1>
          <Telephone2 xsi:nil="true"></Telephone2>
          <Telephone3 xsi:nil="true"></Telephone3>
          <TimeZoneRuleVersionNumber xsi:nil="true"></TimeZoneRuleVersionNumber>
          <UPSZone xsi:nil="true"></UPSZone>
          <UTCOffset xsi:nil="true"></UTCOffset>
          <UTCConversionTimeZoneCode xsi:nil="true"></UTCConversionTimeZoneCode>
        </Address>
      </Addresses>
    </Publisher>
    <RootComponents>
      <RootComponent type="1" schemaName="pp_allsubmitteddocument" behavior="0" />
      <RootComponent type="1" schemaName="pp_allsubmitteddocuments" behavior="0" />
      <RootComponent type="1" schemaName="pp_classificationrecord" behavior="0" />
      <RootComponent type="1" schemaName="pp_countryrecord" behavior="0" />
      <RootComponent type="1" schemaName="pp_customeraccount" behavior="0" />
      <RootComponent type="1" schemaName="pp_documentissuerecord" behavior="0" />
      <RootComponent type="1" schemaName="pp_filinglevelrecord" behavior="0" />
      <RootComponent type="1" schemaName="pp_itemrecord" behavior="0" />
      <RootComponent type="1" schemaName="pp_languagerecord" behavior="0" />
      <RootComponent type="1" schemaName="pp_productidentifier" behavior="0" />
      <RootComponent type="1" schemaName="pp_sponsorshiprecord" behavior="0" />
      <RootComponent type="61" schemaName="pp_DocumentSysmbol" behavior="0" />
      <RootComponent type="62" schemaName="pp_DocumentProcessingApp" behavior="0" />
      <RootComponent type="80" schemaName="pp_DocumentProcessingApp" behavior="0" />
      <RootComponent type="300" schemaName="pp_documentsubmissionapp_cb11b" behavior="0" />
      <RootComponent type="300" schemaName="pp_uploaddocumentscreen_8a0f8" behavior="0" />
    </RootComponents>
    <MissingDependencies>
      <MissingDependency>
        <Required type="1" schemaName="msdyn_aimodel" displayName="AI Model" solution="msdyn_AISolution (202412.4.18.2)">
          <package appName="PowerAI" version="202412.4.18.2">msdyn_AISolutionAnchor (202412.4.18.2)</package>
        </Required>
        <Dependent type="300" schemaName="pp_documentsubmissionapp_cb11b" displayName="Document Submission App" />
      </MissingDependency>
      <MissingDependency>
        <Required type="61" schemaName="msdyn_/Images/AppModule_Default_Icon.png" displayName="msdyn_/Images/AppModule_Default_Icon.png" solution="AppModuleWebResources (2.5)">
          <package appName="AppModule Web Resources Package" version="2.5">AppModuleWebResources (2.5)</package>
        </Required>
        <Dependent type="80" schemaName="pp_DocumentProcessingApp" displayName="Document Processing App" />
      </MissingDependency>
      <MissingDependency>
        <Required type="SettingDefinition" displayName="AppChannel" solution="msdyn_AppFrameworkInfraExtensions (1.0.0.12)" id.uniquename="AppChannel">
          <package appName="PowerAppsAppFramework Package" version="1.0.0.16">PowerAppsAppFramework_Anchor (1.0.0.16)</package>
        </Required>
        <Dependent type="AppSetting" displayName="parentappmoduleid.uniquename=pp_DocumentProcessingApp,settingdefinitionid.uniquename=AppChannel" id.parentappmoduleid.uniquename="pp_DocumentProcessingApp" id.settingdefinitionid.uniquename="AppChannel" />
      </MissingDependency>
    </MissingDependencies>
  </SolutionManifest>
</ImportExportXml>