{"name":"2086b822-cfa0-4275-b748-3a05280f0585","id":"/providers/Microsoft.Flow/flows/2086b822-cfa0-4275-b748-3a05280f0585","type":"Microsoft.Flow/flows","properties":{"apiId":"/providers/Microsoft.PowerApps/apis/shared_logicflows","displayName":"Flow to notify document submitter for failures","definition":{"metadata":{"workflowEntityId":null,"processAdvisorMetadata":null,"flowChargedByPaygo":null,"flowclientsuspensionreason":"None","flowclientsuspensiontime":null,"flowclientsuspensionreasondetails":null,"creator":{"id":"50cf15b3-c8d4-47f3-9174-dd318b2f4dd2","type":"User","tenantId":"22426826-dc4c-401a-8d0e-7f97e64c0f99"},"provisioningMethod":"FromDefinition","failureAlertSubscription":true,"clientLastModifiedTime":"2025-02-28T04:09:47.5684129Z","connectionKeySavedTimeKey":"2025-02-28T04:09:47.5684129Z","creationSource":"Portal","modifiedSources":"Portal"},"$schema":"https://schema.management.azure.com/providers/Microsoft.Logic/schemas/2016-06-01/workflowdefinition.json#","contentVersion":"1.0.0.0","parameters":{"$authentication":{"defaultValue":{},"type":"SecureObject"},"$connections":{"defaultValue":{},"type":"Object"}},"triggers":{"When_a_row_is_added,_modified_or_deleted":{"type":"OpenApiConnectionWebhook","inputs":{"parameters":{"subscriptionRequest/message":3,"subscriptionRequest/entityname":"pp_allsubmitteddocuments","subscriptionRequest/scope":4},"host":{"apiId":"/providers/Microsoft.PowerApps/apis/shared_commondataserviceforapps","connectionName":"shared_commondataserviceforapps","operationId":"SubscribeWebhookTrigger"},"authentication":"@parameters('$authentication')"}}},"actions":{"Send_email_(V2)":{"runAfter":{},"type":"OpenApiConnection","inputs":{"parameters":{"emailMessage/To":"babu.ec105@gmail.com","emailMessage/Importance":"High","emailMessage/Subject":"Notification on Failed document","emailMessage/Body":"<p class=\"editor-paragraph\">Hi,</p><br><p class=\"editor-paragraph\">Please find below details for your failed document:</p><br><p class=\"editor-paragraph\">Document Unique ID: @{triggerOutputs()?['body/pp_uniquedocid']}</p><p class=\"editor-paragraph\">Rejection Comments:@{triggerOutputs()?['body/pp_approvercomments']}</p><br><p class=\"editor-paragraph\">Regards,</p><p class=\"editor-paragraph\">Team</p>"},"host":{"apiId":"/providers/Microsoft.PowerApps/apis/shared_gmail","connectionName":"shared_gmail","operationId":"SendEmailV2"},"authentication":"@parameters('$authentication')"}}},"outputs":{}},"connectionReferences":{"shared_commondataserviceforapps":{"connectionName":"shared-commondataser-dd10a662-0822-48e9-96a3-ff9a889d193a","source":"Embedded","id":"/providers/Microsoft.PowerApps/apis/shared_commondataserviceforapps","tier":"NotSpecified","apiName":"commondataserviceforapps"},"shared_gmail":{"connectionName":"shared-gmail-6344364f-00f9-4c5f-afb4-03cbd2b71fdd","source":"Embedded","id":"/providers/Microsoft.PowerApps/apis/shared_gmail","tier":"NotSpecified","apiName":"gmail"}},"flowFailureAlertSubscribed":false,"isManaged":false}}